[
	{
		"id": "05",
		"language": "Java",
		"author": "Herbert Schildt",
		"edition": "fifth"
	},
	
	{
		"id": "05",
		"language": "Java",
		"author": "Herbert Schildt",
		"edition": "fifth"
	
	},

	{
		"id": "07",
		"language": "Java",
		"author": "E.Balagurusamy",
		"edition": "fifth"
	},

	{
		"id": "09",
		"language": "Java",
		"author": "Shaggy the all powerful",
		"edition": "fifth"
	},

	{   "id": "09",
		"language": "Java",
		"author": "YOU!!",
		"edition": "fifth"
	}
]
