[
	{
		"id": "05",
		"language": "Java",
		"edition": "fifth",
		"author": "Herbert Schildt"
	},

	{
		"id": "05",
		"language": "Java",
		"edition": "fifth",
		"author": "Herbert Schildt"
	},

	{
		"id": "07",
		"language": "Java",
		"edition": "fifth",
		"author": "E.Balagurusamy"
	},

	{
		"id": "09",
		"language": "Java",
		"edition": "fifth",
		"author": "Shaggy the all powerful"
	},

	{
		"id": "09",
		"language": "Java",
		"edition": "fifth",
		"author": "YOU!!"
	}
]
